region_label,atlas_label
Precentral_L,AAL
Precentral_R,AAL
Frontal_Sup_2_L,AAL
Frontal_Sup_2_R,AAL
Frontal_Mid_2_L,AAL
Frontal_Mid_2_R,AAL
Frontal_Inf_Oper_L,AAL
Frontal_Inf_Oper_R,AAL
Frontal_Inf_Tri_L,AAL
Frontal_Inf_Tri_R,AAL
Frontal_Inf_Orb_2_L,AAL
Frontal_Inf_Orb_2_R,AAL
Rolandic_Oper_L,AAL
Rolandic_Oper_R,AAL
Supp_Motor_Area_L,AAL
Supp_Motor_Area_R,AAL
Olfactory_L,AAL
Olfactory_R,AAL
Frontal_Sup_Medial_L,AAL
Frontal_Sup_Medial_R,AAL
Frontal_Med_Orb_L,AAL
Frontal_Med_Orb_R,AAL
Rectus_L,AAL
Rectus_R,AAL
OFCmed_L,AAL
OFCmed_R,AAL
OFCant_L,AAL
OFCant_R,AAL
OFCpost_L,AAL
OFCpost_R,AAL
OFClat_L,AAL
OFClat_R,AAL
Insula_L,AAL
Insula_R,AAL
Cingulate_Ant_L,AAL
Cingulate_Ant_R,AAL
Cingulate_Mid_L,AAL
Cingulate_Mid_R,AAL
Cingulate_Post_L,AAL
Cingulate_Post_R,AAL
Hippocampus_L,AAL
Hippocampus_R,AAL
ParaHippocampal_L,AAL
ParaHippocampal_R,AAL
Amygdala_L,AAL
Amygdala_R,AAL
Calcarine_L,AAL
Calcarine_R,AAL
Cuneus_L,AAL
Cuneus_R,AAL
Lingual_L,AAL
Lingual_R,AAL
Occipital_Sup_L,AAL
Occipital_Sup_R,AAL
Occipital_Mid_L,AAL
Occipital_Mid_R,AAL
Occipital_Inf_L,AAL
Occipital_Inf_R,AAL
Fusiform_L,AAL
Fusiform_R,AAL
Postcentral_L,AAL
Postcentral_R,AAL
Parietal_Sup_L,AAL
Parietal_Sup_R,AAL
Parietal_Inf_L,AAL
Parietal_Inf_R,AAL
SupraMarginal_L,AAL
SupraMarginal_R,AAL
Angular_L,AAL
Angular_R,AAL
Precuneus_L,AAL
Precuneus_R,AAL
Paracentral_Lobule_L,AAL
Paracentral_Lobule_R,AAL
Caudate_L,AAL
Caudate_R,AAL
Putamen_L,AAL
Putamen_R,AAL
Pallidum_L,AAL
Pallidum_R,AAL
Thalamus_L,AAL
Thalamus_R,AAL
Heschl_L,AAL
Heschl_R,AAL
Temporal_Sup_L,AAL
Temporal_Sup_R,AAL
Temporal_Pole_Sup_L,AAL
Temporal_Pole_Sup_R,AAL
Temporal_Mid_L,AAL
Temporal_Mid_R,AAL
Temporal_Pole_Mid_L,AAL
Temporal_Pole_Mid_R,AAL
Temporal_Inf_L,AAL
Temporal_Inf_R,AAL
Cerebelum_Crus1_L,AAL
Cerebelum_Crus1_R,AAL
Cerebelum_Crus2_L,AAL
Cerebelum_Crus2_R,AAL
Cerebelum_3_L,AAL
Cerebelum_3_R,AAL
Cerebelum_4_5_L,AAL
Cerebelum_4_5_R,AAL
Cerebelum_6_L,AAL
Cerebelum_6_R,AAL
Cerebelum_7b_L,AAL
Cerebelum_7b_R,AAL
Cerebelum_8_L,AAL
Cerebelum_8_R,AAL
Cerebelum_9_L,AAL
Cerebelum_9_R,AAL
Cerebelum_10_L,AAL
Cerebelum_10_R,AAL
Vermis_1_2,AAL
Vermis_3,AAL
Vermis_4_5,AAL
Vermis_6,AAL
Vermis_7,AAL
Vermis_8,AAL
Vermis_9,AAL
Vermis_10,AAL
G_Frontal_Sup-1-L,aicha
G_Frontal_Sup-1-R,aicha
G_Frontal_Sup-2-L,aicha
G_Frontal_Sup-2-R,aicha
G_Frontal_Sup-3-L,aicha
G_Frontal_Sup-3-R,aicha
S_Sup_Frontal-1-L,aicha
S_Sup_Frontal-1-R,aicha
S_Sup_Frontal-2-L,aicha
S_Sup_Frontal-2-R,aicha
S_Sup_Frontal-3-L,aicha
S_Sup_Frontal-3-R,aicha
S_Sup_Frontal-4-L,aicha
S_Sup_Frontal-4-R,aicha
S_Sup_Frontal-5-L,aicha
S_Sup_Frontal-5-R,aicha
S_Sup_Frontal-6-L,aicha
S_Sup_Frontal-6-R,aicha
G_Frontal_Mid-1-L,aicha
G_Frontal_Mid-1-R,aicha
G_Frontal_Mid-2-L,aicha
G_Frontal_Mid-2-R,aicha
G_Frontal_Mid-3-L,aicha
G_Frontal_Mid-3-R,aicha
G_Frontal_Mid-4-L,aicha
G_Frontal_Mid-4-R,aicha
G_Frontal_Mid-5-L,aicha
G_Frontal_Mid-5-R,aicha
S_Inf_Frontal-1-L,aicha
S_Inf_Frontal-1-R,aicha
S_Inf_Frontal-2-L,aicha
S_Inf_Frontal-2-R,aicha
G_Frontal_Inf_Tri-1-L,aicha
G_Frontal_Inf_Tri-1-R,aicha
G_Frontal_Sup_Orb-1-L,aicha
G_Frontal_Sup_Orb-1-R,aicha
G_Frontal_Mid_Orb-1-L,aicha
G_Frontal_Mid_Orb-1-R,aicha
G_Frontal_Mid_Orb-2-L,aicha
G_Frontal_Mid_Orb-2-R,aicha
G_Frontal_Inf_Orb-1-L,aicha
G_Frontal_Inf_Orb-1-R,aicha
G_Frontal_Inf_Orb-2-L,aicha
G_Frontal_Inf_Orb-2-R,aicha
S_Orbital-1-L,aicha
S_Orbital-1-R,aicha
S_Orbital-2-L,aicha
S_Orbital-2-R,aicha
S_Olfactory-1-L,aicha
S_Olfactory-1-R,aicha
S_Precentral-1-L,aicha
S_Precentral-1-R,aicha
S_Precentral-2-L,aicha
S_Precentral-2-R,aicha
S_Precentral-3-L,aicha
S_Precentral-3-R,aicha
S_Precentral-4-L,aicha
S_Precentral-4-R,aicha
S_Precentral-5-L,aicha
S_Precentral-5-R,aicha
S_Precentral-6-L,aicha
S_Precentral-6-R,aicha
S_Rolando-1-L,aicha
S_Rolando-1-R,aicha
S_Rolando-2-L,aicha
S_Rolando-2-R,aicha
S_Rolando-3-L,aicha
S_Rolando-3-R,aicha
S_Rolando-4-L,aicha
S_Rolando-4-R,aicha
S_Postcentral-1-L,aicha
S_Postcentral-1-R,aicha
S_Postcentral-2-L,aicha
S_Postcentral-2-R,aicha
S_Postcentral-3-L,aicha
S_Postcentral-3-R,aicha
G_Parietal_Sup-1-L,aicha
G_Parietal_Sup-1-R,aicha
G_Parietal_Sup-2-L,aicha
G_Parietal_Sup-2-R,aicha
G_Parietal_Sup-3-L,aicha
G_Parietal_Sup-3-R,aicha
G_Parietal_Sup-4-L,aicha
G_Parietal_Sup-4-R,aicha
G_Parietal_Sup-5-L,aicha
G_Parietal_Sup-5-R,aicha
G_Supramarginal-1-L,aicha
G_Supramarginal-1-R,aicha
G_SupraMarginal-2-L,aicha
G_SupraMarginal-2-R,aicha
G_Supramarginal-3-L,aicha
G_Supramarginal-3-R,aicha
G_Supramarginal-4-L,aicha
G_Supramarginal-4-R,aicha
G_SupraMarginal-5-L,aicha
G_SupraMarginal-5-R,aicha
G_SupraMarginal-6-L,aicha
G_SupraMarginal-6-R,aicha
G_SupraMarginal-7-L,aicha
G_SupraMarginal-7-R,aicha
G_Angular-1-L,aicha
G_Angular-1-R,aicha
G_Angular-2-L,aicha
G_Angular-2-R,aicha
G_Angular-3-L,aicha
G_Angular-3-R,aicha
G_Parietal_Inf-1-L,aicha
G_Parietal_Inf-1-R,aicha
S_Intraparietal-1-L,aicha
S_Intraparietal-1-R,aicha
S_Intraparietal-2-L,aicha
S_Intraparietal-2-R,aicha
S_Intraparietal-3-L,aicha
S_Intraparietal-3-R,aicha
S_Intraoccipital-1-L,aicha
S_Intraoccipital-1-R,aicha
G_Occipital_Pole-1-L,aicha
G_Occipital_Pole-1-R,aicha
G_Occipital_Lat-1-L,aicha
G_Occipital_Lat-1-R,aicha
G_Occipital_Lat-2-L,aicha
G_Occipital_Lat-2-R,aicha
G_Occipital_Lat-3-L,aicha
G_Occipital_Lat-3-R,aicha
G_Occipital_Lat-4-L,aicha
G_Occipital_Lat-4-R,aicha
G_Occipital_Lat-5-L,aicha
G_Occipital_Lat-5-R,aicha
G_Occipital_Sup-1-L,aicha
G_Occipital_Sup-1-R,aicha
G_Occipital_Sup-2-L,aicha
G_Occipital_Sup-2-R,aicha
G_Occipital_Mid-1-L,aicha
G_Occipital_Mid-1-R,aicha
G_Occipital_Mid-2-L,aicha
G_Occipital_Mid-2-R,aicha
G_Occipital_Mid-3-L,aicha
G_Occipital_Mid-3-R,aicha
G_Occipital_Mid-4-L,aicha
G_Occipital_Mid-4-R,aicha
G_Occipital_Inf-1-L,aicha
G_Occipital_Inf-1-R,aicha
G_Occipital_Inf-2-L,aicha
G_Occipital_Inf-2-R,aicha
G_Insula-anterior-1-L,aicha
G_Insula-anterior-1-R,aicha
G_Insula-anterior-2-L,aicha
G_Insula-anterior-2-R,aicha
G_Insula-anterior-3-L,aicha
G_Insula-anterior-3-R,aicha
G_Insula-anterior-4-L,aicha
G_Insula-anterior-4-R,aicha
G_Insula-anterior-5-L,aicha
G_Insula-anterior-5-R,aicha
G_Insula-posterior-1-L,aicha
G_Insula-posterior-1-R,aicha
G_Rolandic_Oper-1-L,aicha
G_Rolandic_Oper-1-R,aicha
G_Rolandic_Oper-2-L,aicha
G_Rolandic_Oper-2-R,aicha
G_Temporal_Sup-1-L,aicha
G_Temporal_Sup-1-R,aicha
G_Temporal_Sup-2-L,aicha
G_Temporal_Sup-2-R,aicha
G_Temporal_Sup-3-L,aicha
G_Temporal_Sup-3-R,aicha
G_Temporal_Sup-4-L,aicha
G_Temporal_Sup-4-R,aicha
S_Sup_Temporal-1-L,aicha
S_Sup_Temporal-1-R,aicha
S_Sup_Temporal-2-L,aicha
S_Sup_Temporal-2-R,aicha
S_Sup_Temporal-3-L,aicha
S_Sup_Temporal-3-R,aicha
S_Sup_Temporal-4-L,aicha
S_Sup_Temporal-4-R,aicha
S_Sup_Temporal-5-L,aicha
S_Sup_Temporal-5-R,aicha
G_Temporal_Mid-1-L,aicha
G_Temporal_Mid-1-R,aicha
G_Temporal_Mid-2-L,aicha
G_Temporal_Mid-2-R,aicha
G_Temporal_Mid-3-L,aicha
G_Temporal_Mid-3-R,aicha
G_Temporal_Mid-4-L,aicha
G_Temporal_Mid-4-R,aicha
G_Temporal_Inf-1-L,aicha
G_Temporal_Inf-1-R,aicha
G_Temporal_Inf-2-L,aicha
G_Temporal_Inf-2-R,aicha
G_Temporal_Inf-3-L,aicha
G_Temporal_Inf-3-R,aicha
G_Temporal_Inf-4-L,aicha
G_Temporal_Inf-4-R,aicha
G_Temporal_Inf-5-L,aicha
G_Temporal_Inf-5-R,aicha
G_Temporal_Pole_Sup-1-L,aicha
G_Temporal_Pole_Sup-1-R,aicha
G_Temporal_Pole_Sup-2-L,aicha
G_Temporal_Pole_Sup-2-R,aicha
G_Temporal_Pole_Mid-1-L,aicha
G_Temporal_Pole_Mid-1-R,aicha
G_Temporal_Pole_Mid-2-L,aicha
G_Temporal_Pole_Mid-2-R,aicha
G_Temporal_Pole_Mid-3-L,aicha
G_Temporal_Pole_Mid-3-R,aicha
G_Frontal_Sup_Medial-1-L,aicha
G_Frontal_Sup_Medial-1-R,aicha
G_Frontal_Sup_Medial-2-L,aicha
G_Frontal_Sup_Medial-2-R,aicha
G_Frontal_Sup_Medial-3-L,aicha
G_Frontal_Sup_Medial-3-R,aicha
S_Anterior_Rostral-1-L,aicha
S_Anterior_Rostral-1-R,aicha
G_Frontal_Med_Orb-1-L,aicha
G_Frontal_Med_Orb-1-R,aicha
G_Frontal_Med_Orb-2-L,aicha
G_Frontal_Med_Orb-2-R,aicha
G_subcallosal-1-L,aicha
G_subcallosal-1-R,aicha
G_Supp_Motor_Area-1-L,aicha
G_Supp_Motor_Area-1-R,aicha
G_Supp_Motor_Area-2-L,aicha
G_Supp_Motor_Area-2-R,aicha
G_Supp_Motor_Area-3-L,aicha
G_Supp_Motor_Area-3-R,aicha
S_Cingulate-1-L,aicha
S_Cingulate-1-R,aicha
S_Cingulate-2-L,aicha
S_Cingulate-2-R,aicha
S_Cingulate-3-L,aicha
S_Cingulate-3-R,aicha
S_Cingulate-4-L,aicha
S_Cingulate-4-R,aicha
S_Cingulate-5-L,aicha
S_Cingulate-5-R,aicha
S_Cingulate-6-L,aicha
S_Cingulate-6-R,aicha
S_Cingulate-7-L,aicha
S_Cingulate-7-R,aicha
G_Cingulum_Ant-1-L,aicha
G_Cingulum_Ant-1-R,aicha
G_Cingulum_Ant-2-L,aicha
G_Cingulum_Ant-2-R,aicha
G_Cingulum_Mid-1-L,aicha
G_Cingulum_Mid-1-R,aicha
G_Cingulum_Mid-2-L,aicha
G_Cingulum_Mid-2-R,aicha
G_Cingulum_Mid-3-L,aicha
G_Cingulum_Mid-3-R,aicha
G_Cingulum_Post-1-L,aicha
G_Cingulum_Post-1-R,aicha
G_Cingulum_Post-2-L,aicha
G_Cingulum_Post-2-R,aicha
G_Cingulum_Post-3-L,aicha
G_Cingulum_Post-3-R,aicha
G_Paracentral_Lobule-1-L,aicha
G_Paracentral_Lobule-1-R,aicha
G_Paracentral_Lobule-2-L,aicha
G_Paracentral_Lobule-2-R,aicha
G_Paracentral_Lobule-3-L,aicha
G_Paracentral_Lobule-3-R,aicha
G_Paracentral_Lobule-4-L,aicha
G_Paracentral_Lobule-4-R,aicha
G_Precuneus-1-L,aicha
G_Precuneus-1-R,aicha
G_Precuneus-2-L,aicha
G_Precuneus-2-R,aicha
G_Precuneus-3-L,aicha
G_Precuneus-3-R,aicha
G_Precuneus-4-L,aicha
G_Precuneus-4-R,aicha
G_Precuneus-5-L,aicha
G_Precuneus-5-R,aicha
G_Precuneus-6-L,aicha
G_Precuneus-6-R,aicha
G_Precuneus-7-L,aicha
G_Precuneus-7-R,aicha
G_Precuneus-8-L,aicha
G_Precuneus-8-R,aicha
G_Precuneus-9-L,aicha
G_Precuneus-9-R,aicha
S_Parietooccipital-1-L,aicha
S_Parietooccipital-1-R,aicha
S_Parietooccipital-2-L,aicha
S_Parietooccipital-2-R,aicha
S_Parietooccipital-3-L,aicha
S_Parietooccipital-3-R,aicha
S_Parietooccipital-4-L,aicha
S_Parietooccipital-4-R,aicha
S_Parietooccipital-5-L,aicha
S_Parietooccipital-5-R,aicha
S_Parietooccipital-6-L,aicha
S_Parietooccipital-6-R,aicha
G_Cuneus-1-L,aicha
G_Cuneus-1-R,aicha
G_Cuneus-2-L,aicha
G_Cuneus-2-R,aicha
G_Calcarine-1-L,aicha
G_Calcarine-1-R,aicha
G_Calcarine-2-L,aicha
G_Calcarine-2-R,aicha
G_Calcarine-3-L,aicha
G_Calcarine-3-R,aicha
G_Lingual-1-L,aicha
G_Lingual-1-R,aicha
G_Lingual-2-L,aicha
G_Lingual-2-R,aicha
G_Lingual-3-L,aicha
G_Lingual-3-R,aicha
G_Lingual-4-L,aicha
G_Lingual-4-R,aicha
G_Lingual-5-L,aicha
G_Lingual-5-R,aicha
G_Lingual-6-L,aicha
G_Lingual-6-R,aicha
G_Hippocampus-1-L,aicha
G_Hippocampus-1-R,aicha
G_Hippocampus-2-L,aicha
G_Hippocampus-2-R,aicha
G_ParaHippocampal-1-L,aicha
G_ParaHippocampal-1-R,aicha
G_ParaHippocampal-2-L,aicha
G_ParaHippocampal-2-R,aicha
G_ParaHippocampal-3-L,aicha
G_ParaHippocampal-3-R,aicha
G_ParaHippocampal-4-L,aicha
G_ParaHippocampal-4-R,aicha
G_ParaHippocampal-5-L,aicha
G_ParaHippocampal-5-R,aicha
G_Fusiform-1-L,aicha
G_Fusiform-1-R,aicha
G_Fusiform-2-L,aicha
G_Fusiform-2-R,aicha
G_Fusiform-3-L,aicha
G_Fusiform-3-R,aicha
G_Fusiform-4-L,aicha
G_Fusiform-4-R,aicha
G_Fusiform-5-L,aicha
G_Fusiform-5-R,aicha
G_Fusiform-6-L,aicha
G_Fusiform-6-R,aicha
G_Fusiform-7-L,aicha
G_Fusiform-7-R,aicha
N_Amygdala-1-L,aicha
N_Amygdala-1-R,aicha
N_Caudate-1-L,aicha
N_Caudate-1-R,aicha
N_Caudate-2-L,aicha
N_Caudate-2-R,aicha
N_Caudate-3-L,aicha
N_Caudate-3-R,aicha
N_Caudate-4-L,aicha
N_Caudate-4-R,aicha
N_Caudate-5-L,aicha
N_Caudate-5-R,aicha
N_Caudate-6-L,aicha
N_Caudate-6-R,aicha
N_Caudate-7-L,aicha
N_Caudate-7-R,aicha
N_Pallidum-1-L,aicha
N_Pallidum-1-R,aicha
N_Putamen-2-L,aicha
N_Putamen-2-R,aicha
N_Putamen-3-L,aicha
N_Putamen-3-R,aicha
N_Thalamus-1-L,aicha
N_Thalamus-1-R,aicha
N_Thalamus-2-L,aicha
N_Thalamus-2-R,aicha
N_Thalamus-3-L,aicha
N_Thalamus-3-R,aicha
N_Thalamus-4-L,aicha
N_Thalamus-4-R,aicha
N_Thalamus-5-L,aicha
N_Thalamus-5-R,aicha
N_Thalamus-6-L,aicha
N_Thalamus-6-R,aicha
N_Thalamus-7-L,aicha
N_Thalamus-7-R,aicha
N_Thalamus-8-L,aicha
N_Thalamus-8-R,aicha
N_Thalamus-9-L,aicha
N_Thalamus-9-R,aicha
Unknown,desikan_killiany
Left-Cerebral-White-Matter,desikan_killiany
Left-Lateral-Ventricle,desikan_killiany
Left-Inf-Lat-Vent,desikan_killiany
Left-Cerebellum-White-Matter,desikan_killiany
Left-Cerebellum-Cortex,desikan_killiany
Left-Thalamus-Proper,desikan_killiany
Left-Caudate,desikan_killiany
Left-Putamen,desikan_killiany
Left-Pallidum,desikan_killiany
3rd-Ventricle,desikan_killiany
4th-Ventricle,desikan_killiany
Brain-Stem,desikan_killiany
Left-Hippocampus,desikan_killiany
Left-Amygdala,desikan_killiany
CSF,desikan_killiany
Left-Accumbens-area,desikan_killiany
Left-VentralDC,desikan_killiany
Left-vessel,desikan_killiany
Left-choroid-plexus,desikan_killiany
Right-Cerebral-White-Matter,desikan_killiany
Right-Lateral-Ventricle,desikan_killiany
Right-Inf-Lat-Vent,desikan_killiany
Right-Cerebellum-White-Matter,desikan_killiany
Right-Cerebellum-Cortex,desikan_killiany
Right-Thalamus-Proper,desikan_killiany
Right-Caudate,desikan_killiany
Right-Putamen,desikan_killiany
Right-Pallidum,desikan_killiany
Right-Hippocampus,desikan_killiany
Right-Amygdala,desikan_killiany
Right-Accumbens-area,desikan_killiany
Right-VentralDC,desikan_killiany
Right-vessel,desikan_killiany
Right-choroid-plexus,desikan_killiany
WM-hypointensities,desikan_killiany
non-WM-hypointensities,desikan_killiany
Optic-Chiasm,desikan_killiany
CC_Posterior,desikan_killiany
CC_Mid_Posterior,desikan_killiany
CC_Central,desikan_killiany
CC_Mid_Anterior,desikan_killiany
CC_Anterior,desikan_killiany
ctx-lh-unknown,desikan_killiany
ctx-lh-bankssts,desikan_killiany
ctx-lh-caudalanteriorcingulate,desikan_killiany
ctx-lh-caudalmiddlefrontal,desikan_killiany
ctx-lh-cuneus,desikan_killiany
ctx-lh-entorhinal,desikan_killiany
ctx-lh-fusiform,desikan_killiany
ctx-lh-inferiorparietal,desikan_killiany
ctx-lh-inferiortemporal,desikan_killiany
ctx-lh-isthmuscingulate,desikan_killiany
ctx-lh-lateraloccipital,desikan_killiany
ctx-lh-lateralorbitofrontal,desikan_killiany
ctx-lh-lingual,desikan_killiany
ctx-lh-medialorbitofrontal,desikan_killiany
ctx-lh-middletemporal,desikan_killiany
ctx-lh-parahippocampal,desikan_killiany
ctx-lh-paracentral,desikan_killiany
ctx-lh-parsopercularis,desikan_killiany
ctx-lh-parsorbitalis,desikan_killiany
ctx-lh-parstriangularis,desikan_killiany
ctx-lh-pericalcarine,desikan_killiany
ctx-lh-postcentral,desikan_killiany
ctx-lh-posteriorcingulate,desikan_killiany
ctx-lh-precentral,desikan_killiany
ctx-lh-precuneus,desikan_killiany
ctx-lh-rostralanteriorcingulate,desikan_killiany
ctx-lh-rostralmiddlefrontal,desikan_killiany
ctx-lh-superiorfrontal,desikan_killiany
ctx-lh-superiorparietal,desikan_killiany
ctx-lh-superiortemporal,desikan_killiany
ctx-lh-supramarginal,desikan_killiany
ctx-lh-frontalpole,desikan_killiany
ctx-lh-temporalpole,desikan_killiany
ctx-lh-transversetemporal,desikan_killiany
ctx-lh-insula,desikan_killiany
ctx-rh-unknown,desikan_killiany
ctx-rh-bankssts,desikan_killiany
ctx-rh-caudalanteriorcingulate,desikan_killiany
ctx-rh-caudalmiddlefrontal,desikan_killiany
ctx-rh-cuneus,desikan_killiany
ctx-rh-entorhinal,desikan_killiany
ctx-rh-fusiform,desikan_killiany
ctx-rh-inferiorparietal,desikan_killiany
ctx-rh-inferiortemporal,desikan_killiany
ctx-rh-isthmuscingulate,desikan_killiany
ctx-rh-lateraloccipital,desikan_killiany
ctx-rh-lateralorbitofrontal,desikan_killiany
ctx-rh-lingual,desikan_killiany
ctx-rh-medialorbitofrontal,desikan_killiany
ctx-rh-middletemporal,desikan_killiany
ctx-rh-parahippocampal,desikan_killiany
ctx-rh-paracentral,desikan_killiany
ctx-rh-parsopercularis,desikan_killiany
ctx-rh-parsorbitalis,desikan_killiany
ctx-rh-parstriangularis,desikan_killiany
ctx-rh-pericalcarine,desikan_killiany
ctx-rh-postcentral,desikan_killiany
ctx-rh-posteriorcingulate,desikan_killiany
ctx-rh-precentral,desikan_killiany
ctx-rh-precuneus,desikan_killiany
ctx-rh-rostralanteriorcingulate,desikan_killiany
ctx-rh-rostralmiddlefrontal,desikan_killiany
ctx-rh-superiorfrontal,desikan_killiany
ctx-rh-superiorparietal,desikan_killiany
ctx-rh-superiortemporal,desikan_killiany
ctx-rh-supramarginal,desikan_killiany
ctx-rh-frontalpole,desikan_killiany
ctx-rh-temporalpole,desikan_killiany
ctx-rh-transversetemporal,desikan_killiany
ctx-rh-insula,desikan_killiany
Unknown,destrieux
Left-Cerebral-White-Matter,destrieux
Left-Lateral-Ventricle,destrieux
Left-Inf-Lat-Vent,destrieux
Left-Cerebellum-White-Matter,destrieux
Left-Cerebellum-Cortex,destrieux
Left-Thalamus-Proper,destrieux
Left-Caudate,destrieux
Left-Putamen,destrieux
Left-Pallidum,destrieux
3rd-Ventricle,destrieux
4th-Ventricle,destrieux
Brain-Stem,destrieux
Left-Hippocampus,destrieux
Left-Amygdala,destrieux
CSF,destrieux
Left-Accumbens-area,destrieux
Left-VentralDC,destrieux
Left-vessel,destrieux
Left-choroid-plexus,destrieux
Right-Cerebral-White-Matter,destrieux
Right-Lateral-Ventricle,destrieux
Right-Inf-Lat-Vent,destrieux
Right-Cerebellum-White-Matter,destrieux
Right-Cerebellum-Cortex,destrieux
Right-Thalamus-Proper,destrieux
Right-Caudate,destrieux
Right-Putamen,destrieux
Right-Pallidum,destrieux
Right-Hippocampus,destrieux
Right-Amygdala,destrieux
Right-Accumbens-area,destrieux
Right-VentralDC,destrieux
Right-vessel,destrieux
Right-choroid-plexus,destrieux
WM-hypointensities,destrieux
non-WM-hypointensities,destrieux
Optic-Chiasm,destrieux
CC_Posterior,destrieux
CC_Mid_Posterior,destrieux
CC_Central,destrieux
CC_Mid_Anterior,destrieux
CC_Anterior,destrieux
ctx_lh_Unknown,destrieux
ctx_lh_G_and_S_frontomargin,destrieux
ctx_lh_G_and_S_occipital_inf,destrieux
ctx_lh_G_and_S_paracentral,destrieux
ctx_lh_G_and_S_subcentral,destrieux
ctx_lh_G_and_S_transv_frontopol,destrieux
ctx_lh_G_and_S_cingul-Ant,destrieux
ctx_lh_G_and_S_cingul-Mid-Ant,destrieux
ctx_lh_G_and_S_cingul-Mid-Post,destrieux
ctx_lh_G_cingul-Post-dorsal,destrieux
ctx_lh_G_cingul-Post-ventral,destrieux
ctx_lh_G_cuneus,destrieux
ctx_lh_G_front_inf-Opercular,destrieux
ctx_lh_G_front_inf-Orbital,destrieux
ctx_lh_G_front_inf-Triangul,destrieux
ctx_lh_G_front_middle,destrieux
ctx_lh_G_front_sup,destrieux
ctx_lh_G_Ins_lg_and_S_cent_ins,destrieux
ctx_lh_G_insular_short,destrieux
ctx_lh_G_occipital_middle,destrieux
ctx_lh_G_occipital_sup,destrieux
ctx_lh_G_oc-temp_lat-fusifor,destrieux
ctx_lh_G_oc-temp_med-Lingual,destrieux
ctx_lh_G_oc-temp_med-Parahip,destrieux
ctx_lh_G_orbital,destrieux
ctx_lh_G_pariet_inf-Angular,destrieux
ctx_lh_G_pariet_inf-Supramar,destrieux
ctx_lh_G_parietal_sup,destrieux
ctx_lh_G_postcentral,destrieux
ctx_lh_G_precentral,destrieux
ctx_lh_G_precuneus,destrieux
ctx_lh_G_rectus,destrieux
ctx_lh_G_subcallosal,destrieux
ctx_lh_G_temp_sup-G_T_transv,destrieux
ctx_lh_G_temp_sup-Lateral,destrieux
ctx_lh_G_temp_sup-Plan_polar,destrieux
ctx_lh_G_temp_sup-Plan_tempo,destrieux
ctx_lh_G_temporal_inf,destrieux
ctx_lh_G_temporal_middle,destrieux
ctx_lh_Lat_Fis-ant-Horizont,destrieux
ctx_lh_Lat_Fis-ant-Vertical,destrieux
ctx_lh_Lat_Fis-post,destrieux
ctx_lh_Pole_occipital,destrieux
ctx_lh_Pole_temporal,destrieux
ctx_lh_S_calcarine,destrieux
ctx_lh_S_central,destrieux
ctx_lh_S_cingul-Marginalis,destrieux
ctx_lh_S_circular_insula_ant,destrieux
ctx_lh_S_circular_insula_inf,destrieux
ctx_lh_S_circular_insula_sup,destrieux
ctx_lh_S_collat_transv_ant,destrieux
ctx_lh_S_collat_transv_post,destrieux
ctx_lh_S_front_inf,destrieux
ctx_lh_S_front_middle,destrieux
ctx_lh_S_front_sup,destrieux
ctx_lh_S_interm_prim-Jensen,destrieux
ctx_lh_S_intrapariet_and_P_trans,destrieux
ctx_lh_S_oc_middle_and_Lunatus,destrieux
ctx_lh_S_oc_sup_and_transversal,destrieux
ctx_lh_S_occipital_ant,destrieux
ctx_lh_S_oc-temp_lat,destrieux
ctx_lh_S_oc-temp_med_and_Lingual,destrieux
ctx_lh_S_orbital_lateral,destrieux
ctx_lh_S_orbital_med-olfact,destrieux
ctx_lh_S_orbital-H_Shaped,destrieux
ctx_lh_S_parieto_occipital,destrieux
ctx_lh_S_pericallosal,destrieux
ctx_lh_S_postcentral,destrieux
ctx_lh_S_precentral-inf-part,destrieux
ctx_lh_S_precentral-sup-part,destrieux
ctx_lh_S_suborbital,destrieux
ctx_lh_S_subparietal,destrieux
ctx_lh_S_temporal_inf,destrieux
ctx_lh_S_temporal_sup,destrieux
ctx_lh_S_temporal_transverse,destrieux
ctx_rh_Unknown,destrieux
ctx_rh_G_and_S_frontomargin,destrieux
ctx_rh_G_and_S_occipital_inf,destrieux
ctx_rh_G_and_S_paracentral,destrieux
ctx_rh_G_and_S_subcentral,destrieux
ctx_rh_G_and_S_transv_frontopol,destrieux
ctx_rh_G_and_S_cingul-Ant,destrieux
ctx_rh_G_and_S_cingul-Mid-Ant,destrieux
ctx_rh_G_and_S_cingul-Mid-Post,destrieux
ctx_rh_G_cingul-Post-dorsal,destrieux
ctx_rh_G_cingul-Post-ventral,destrieux
ctx_rh_G_cuneus,destrieux
ctx_rh_G_front_inf-Opercular,destrieux
ctx_rh_G_front_inf-Orbital,destrieux
ctx_rh_G_front_inf-Triangul,destrieux
ctx_rh_G_front_middle,destrieux
ctx_rh_G_front_sup,destrieux
ctx_rh_G_Ins_lg_and_S_cent_ins,destrieux
ctx_rh_G_insular_short,destrieux
ctx_rh_G_occipital_middle,destrieux
ctx_rh_G_occipital_sup,destrieux
ctx_rh_G_oc-temp_lat-fusifor,destrieux
ctx_rh_G_oc-temp_med-Lingual,destrieux
ctx_rh_G_oc-temp_med-Parahip,destrieux
ctx_rh_G_orbital,destrieux
ctx_rh_G_pariet_inf-Angular,destrieux
ctx_rh_G_pariet_inf-Supramar,destrieux
ctx_rh_G_parietal_sup,destrieux
ctx_rh_G_postcentral,destrieux
ctx_rh_G_precentral,destrieux
ctx_rh_G_precuneus,destrieux
ctx_rh_G_rectus,destrieux
ctx_rh_G_subcallosal,destrieux
ctx_rh_G_temp_sup-G_T_transv,destrieux
ctx_rh_G_temp_sup-Lateral,destrieux
ctx_rh_G_temp_sup-Plan_polar,destrieux
ctx_rh_G_temp_sup-Plan_tempo,destrieux
ctx_rh_G_temporal_inf,destrieux
ctx_rh_G_temporal_middle,destrieux
ctx_rh_Lat_Fis-ant-Horizont,destrieux
ctx_rh_Lat_Fis-ant-Vertical,destrieux
ctx_rh_Lat_Fis-post,destrieux
ctx_rh_Pole_occipital,destrieux
ctx_rh_Pole_temporal,destrieux
ctx_rh_S_calcarine,destrieux
ctx_rh_S_central,destrieux
ctx_rh_S_cingul-Marginalis,destrieux
ctx_rh_S_circular_insula_ant,destrieux
ctx_rh_S_circular_insula_inf,destrieux
ctx_rh_S_circular_insula_sup,destrieux
ctx_rh_S_collat_transv_ant,destrieux
ctx_rh_S_collat_transv_post,destrieux
ctx_rh_S_front_inf,destrieux
ctx_rh_S_front_middle,destrieux
ctx_rh_S_front_sup,destrieux
ctx_rh_S_interm_prim-Jensen,destrieux
ctx_rh_S_intrapariet_and_P_trans,destrieux
ctx_rh_S_oc_middle_and_Lunatus,destrieux
ctx_rh_S_oc_sup_and_transversal,destrieux
ctx_rh_S_occipital_ant,destrieux
ctx_rh_S_oc-temp_lat,destrieux
ctx_rh_S_oc-temp_med_and_Lingual,destrieux
ctx_rh_S_orbital_lateral,destrieux
ctx_rh_S_orbital_med-olfact,destrieux
ctx_rh_S_orbital-H_Shaped,destrieux
ctx_rh_S_parieto_occipital,destrieux
ctx_rh_S_pericallosal,destrieux
ctx_rh_S_postcentral,destrieux
ctx_rh_S_precentral-inf-part,destrieux
ctx_rh_S_precentral-sup-part,destrieux
ctx_rh_S_suborbital,destrieux
ctx_rh_S_subparietal,destrieux
ctx_rh_S_temporal_inf,destrieux
ctx_rh_S_temporal_sup,destrieux
ctx_rh_S_temporal_transverse,destrieux
Left_Frontal_Pole,harvard_oxford
Right_Frontal_Pole,harvard_oxford
Left_Insular_Cortex,harvard_oxford
Right_Insular_Cortex,harvard_oxford
Left_Superior_Frontal_Gyrus,harvard_oxford
Right_Superior_Frontal_Gyrus,harvard_oxford
Left_Middle_Frontal_Gyrus,harvard_oxford
Right_Middle_Frontal_Gyrus,harvard_oxford
Left_Inferior_Frontal_Gyrus_pars_triangularis,harvard_oxford
Right_Inferior_Frontal_Gyrus_pars_triangularis,harvard_oxford
Left_Inferior_Frontal_Gyrus_pars_opercularis,harvard_oxford
Right_Inferior_Frontal_Gyrus_pars_opercularis,harvard_oxford
Left_Precentral_Gyrus,harvard_oxford
Right_Precentral_Gyrus,harvard_oxford
Left_Temporal_Pole,harvard_oxford
Right_Temporal_Pole,harvard_oxford
Left_Superior_Temporal_Gyrus_anterior_division,harvard_oxford
Right_Superior_Temporal_Gyrus_anterior_division,harvard_oxford
Left_Superior_Temporal_Gyrus_posterior_division,harvard_oxford
Right_Superior_Temporal_Gyrus_posterior_division,harvard_oxford
Left_Middle_Temporal_Gyrus_anterior_division,harvard_oxford
Right_Middle_Temporal_Gyrus_anterior_division,harvard_oxford
Left_Middle_Temporal_Gyrus_posterior_division,harvard_oxford
Right_Middle_Temporal_Gyrus_posterior_division,harvard_oxford
Left_Middle_Temporal_Gyrus_temporooccipital_part,harvard_oxford
Right_Middle_Temporal_Gyrus_temporooccipital_part,harvard_oxford
Left_Inferior_Temporal_Gyrus_anterior_division,harvard_oxford
Right_Inferior_Temporal_Gyrus_anterior_division,harvard_oxford
Left_Inferior_Temporal_Gyrus_posterior_division,harvard_oxford
Right_Inferior_Temporal_Gyrus_posterior_division,harvard_oxford
Left_Inferior_Temporal_Gyrus_temporooccipital_part,harvard_oxford
Right_Inferior_Temporal_Gyrus_temporooccipital_part,harvard_oxford
Left_Postcentral_Gyrus,harvard_oxford
Right_Postcentral_Gyrus,harvard_oxford
Left_Superior_Parietal_Lobule,harvard_oxford
Right_Superior_Parietal_Lobule,harvard_oxford
Left_Supramarginal_Gyrus_anterior_division,harvard_oxford
Right_Supramarginal_Gyrus_anterior_division,harvard_oxford
Left_Supramarginal_Gyrus_posterior_division,harvard_oxford
Right_Supramarginal_Gyrus_posterior_division,harvard_oxford
Left_Angular_Gyrus,harvard_oxford
Right_Angular_Gyrus,harvard_oxford
Left_Lateral_Occipital_Cortex_superior_division,harvard_oxford
Right_Lateral_Occipital_Cortex_superior_division,harvard_oxford
Left_Lateral_Occipital_Cortex_inferior_division,harvard_oxford
Right_Lateral_Occipital_Cortex_inferior_division,harvard_oxford
Left_Intracalcarine_Cortex,harvard_oxford
Right_Intracalcarine_Cortex,harvard_oxford
Left_Frontal_Medial_Cortex,harvard_oxford
Right_Frontal_Medial_Cortex,harvard_oxford
Left_Juxtapositional_Lobule_Cortex_(formerly_Supplementary_Motor_Cortex),harvard_oxford
Right_Juxtapositional_Lobule_Cortex_(formerly_Supplementary_Motor_Cortex),harvard_oxford
Left_Subcallosal_Cortex,harvard_oxford
Right_Subcallosal_Cortex,harvard_oxford
Left_Paracingulate_Gyrus,harvard_oxford
Right_Paracingulate_Gyrus,harvard_oxford
Left_Cingulate_Gyrus_anterior_division,harvard_oxford
Right_Cingulate_Gyrus_anterior_division,harvard_oxford
Left_Cingulate_Gyrus_posterior_division,harvard_oxford
Right_Cingulate_Gyrus_posterior_division,harvard_oxford
Left_Precuneous_Cortex,harvard_oxford
Right_Precuneous_Cortex,harvard_oxford
Left_Cuneal_Cortex,harvard_oxford
Right_Cuneal_Cortex,harvard_oxford
Left_Frontal_Orbital_Cortex,harvard_oxford
Right_Frontal_Orbital_Cortex,harvard_oxford
Left_Parahippocampal_Gyrus_anterior_division,harvard_oxford
Right_Parahippocampal_Gyrus_anterior_division,harvard_oxford
Left_Parahippocampal_Gyrus_posterior_division,harvard_oxford
Right_Parahippocampal_Gyrus_posterior_division,harvard_oxford
Left_Lingual_Gyrus,harvard_oxford
Right_Lingual_Gyrus,harvard_oxford
Left_Temporal_Fusiform_Cortex_anterior_division,harvard_oxford
Right_Temporal_Fusiform_Cortex_anterior_division,harvard_oxford
Left_Temporal_Fusiform_Cortex_posterior_division,harvard_oxford
Right_Temporal_Fusiform_Cortex_posterior_division,harvard_oxford
Left_Temporal_Occipital_Fusiform_Cortex,harvard_oxford
Right_Temporal_Occipital_Fusiform_Cortex,harvard_oxford
Left_Occipital_Fusiform_Gyrus,harvard_oxford
Right_Occipital_Fusiform_Gyrus,harvard_oxford
Left_Frontal_Operculum_Cortex,harvard_oxford
Right_Frontal_Operculum_Cortex,harvard_oxford
Left_Central_Opercular_Cortex,harvard_oxford
Right_Central_Opercular_Cortex,harvard_oxford
Left_Parietal_Operculum_Cortex,harvard_oxford
Right_Parietal_Operculum_Cortex,harvard_oxford
Left_Planum_Polare,harvard_oxford
Right_Planum_Polare,harvard_oxford
Left_Heschl's_Gyrus_(includes_H1_and_H2),harvard_oxford
Right_Heschl's_Gyrus_(includes_H1_and_H2),harvard_oxford
Left_Planum_Temporale,harvard_oxford
Right_Planum_Temporale,harvard_oxford
Left_Supracalcarine_Cortex,harvard_oxford
Right_Supracalcarine_Cortex,harvard_oxford
Left_Occipital_Pole,harvard_oxford
Right_Occipital_Pole,harvard_oxford
Left_Lateral_Ventrical,harvard_oxford
Left_Thalamus,harvard_oxford
Left_Caudate,harvard_oxford
Left_Putamen,harvard_oxford
Left_Pallidum,harvard_oxford
Brain-Stem,harvard_oxford
Left_Hippocampus,harvard_oxford
Left_Amygdala,harvard_oxford
Left_Accumbens,harvard_oxford
Right_Lateral_Ventricle,harvard_oxford
Right_Thalamus,harvard_oxford
Right_Caudate,harvard_oxford
Right_Putamen,harvard_oxford
Right_Pallidum,harvard_oxford
Right_Hippocampus,harvard_oxford
Right_Amygdala,harvard_oxford
Right_Accumbens,harvard_oxford
GM_Anterior_intra-parietal_sulcus_hIP1_L,juelich
GM_Anterior_intra-parietal_sulcus_hIP1_R,juelich
GM_Anterior_intra-parietal_sulcus_hIP2_L,juelich
GM_Anterior_intra-parietal_sulcus_hIP2_R,juelich
GM_Anterior_intra-parietal_sulcus_hIP3_L,juelich
GM_Anterior_intra-parietal_sulcus_hIP3_R,juelich
GM_Amygdala_centromedial_group_L,juelich
GM_Amygdala_centromedial_group_R,juelich
GM_Amygdala_laterobasal_group_L,juelich
GM_Amygdala_laterobasal_group_R,juelich
GM_Amygdala_superficial_group_L,juelich
GM_Amygdala_superficial_group_R,juelich
GM_Broca's_area_BA44_L,juelich
GM_Broca's_area_BA44_R,juelich
GM_Broca's_area_BA45_L,juelich
GM_Broca's_area_BA45_R,juelich
GM_Hippocampus_cornu_ammonis_L,juelich
GM_Hippocampus_cornu_ammonis_R,juelich
GM_Hippocampus_entorhinal_cortex_L,juelich
GM_Hippocampus_entorhinal_cortex_R,juelich
GM_Hippocampus_dentate_gyrus_L,juelich
GM_Hippocampus_dentate_gyrus_R,juelich
GM_Hippocampus_hippocampal-amygdaloid_transition_area_L,juelich
GM_Hippocampus_hippocampal-amygdaloid_transition_area_R,juelich
GM_Hippocampus_subiculum_L,juelich
GM_Hippocampus_subiculum_R,juelich
GM_Inferior_parietal_lobule_PF_L,juelich
GM_Inferior_parietal_lobule_PF_R,juelich
GM_Inferior_parietal_lobule_PFcm_L,juelich
GM_Inferior_parietal_lobule_PFcm_R,juelich
GM_Inferior_parietal_lobule_PFm_L,juelich
GM_Inferior_parietal_lobule_PFm_R,juelich
GM_Inferior_parietal_lobule_PFop_L,juelich
GM_Inferior_parietal_lobule_PFop_R,juelich
GM_Inferior_parietal_lobule_PFt_L,juelich
GM_Inferior_parietal_lobule_PFt_R,juelich
GM_Inferior_parietal_lobule_Pga_L,juelich
GM_Inferior_parietal_lobule_Pga_R,juelich
GM_Inferior_parietal_lobule_PGp_L,juelich
GM_Inferior_parietal_lobule_PGp_R,juelich
GM_Primary_auditory_cortex_TE1.0_L,juelich
GM_Primary_auditory_cortex_TE1.0_R,juelich
GM_Primary_auditory_cortex_TE1.1_L,juelich
GM_Primary_auditory_cortex_TE1.1_R,juelich
GM_Primary_auditory_cortex_TE1.2_L,juelich
GM_Primary_auditory_cortex_TE1.2_R,juelich
GM_Primary_motor_cortex_BA4a_L,juelich
GM_Primary_motor_cortex_BA4a_R,juelich
GM_Primary_motor_cortex_BA4p_L,juelich
GM_Primary_motor_cortex_BA4p_R,juelich
GM_Primary_somatosensory_cortex_BA1_L,juelich
GM_Primary_somatosensory_cortex_BA1_R,juelich
GM_Primary_somatosensory_cortex_BA2_L,juelich
GM_Primary_somatosensory_cortex_BA2_R,juelich
GM_Primary_somatosensory_cortex_BA3a_L,juelich
GM_Primary_somatosensory_cortex_BA3a_R,juelich
GM_Primary_somatosensory_cortex_BA3b_L,juelich
GM_Primary_somatosensory_cortex_BA3b_R,juelich
GM_Secondary_somatosensory_cortex_/_Parietal_operculum_OP1_L,juelich
GM_Secondary_somatosensory_cortex_/_Parietal_operculum_OP1_R,juelich
GM_Secondary_somatosensory_cortex_/_Parietal_operculum_OP2_L,juelich
GM_Secondary_somatosensory_cortex_/_Parietal_operculum_OP2_R,juelich
GM_Secondary_somatosensory_cortex_/_Parietal_operculum_OP3_L,juelich
GM_Secondary_somatosensory_cortex_/_Parietal_operculum_OP3_R,juelich
GM_Secondary_somatosensory_cortex_/_Parietal_operculum_OP4_L,juelich
GM_Secondary_somatosensory_cortex_/_Parietal_operculum_OP4_R,juelich
GM_Superior_parietal_lobule_5Ci_L,juelich
GM_Superior_parietal_lobule_5Ci_R,juelich
GM_Superior_parietal_lobule_5L_L,juelich
GM_Superior_parietal_lobule_5L_R,juelich
GM_Superior_parietal_lobule_5M_L,juelich
GM_Superior_parietal_lobule_5M_R,juelich
GM_Superior_parietal_lobule_7A_L,juelich
GM_Superior_parietal_lobule_7A_R,juelich
GM_Superior_parietal_lobule_7M_L,juelich
GM_Superior_parietal_lobule_7M_R,juelich
GM_Superior_parietal_lobule_7PC_L,juelich
GM_Superior_parietal_lobule_7PC_R,juelich
GM_Superior_parietal_lobule_7P_L,juelich
GM_Superior_parietal_lobule_7P_R,juelich
GM_Visual_cortex_V1_BA17_L,juelich
GM_Visual_cortex_V1_BA17_R,juelich
GM_Visual_cortex_V2_BA18_L,juelich
GM_Visual_cortex_V2_BA18_R,juelich
GM_Visual_cortex_V3V_L,juelich
GM_Visual_cortex_V3V_R,juelich
GM_Visual_cortex_V4_L,juelich
GM_Visual_cortex_V4_R,juelich
GM_Visual_cortex_V5_L,juelich
GM_Visual_cortex_V5_R,juelich
GM_Premotor_cortex_BA6_L,juelich
GM_Premotor_cortex_BA6_R,juelich
WM_Acoustic_radiation_R,juelich
WM_Acoustic_radiation_L,juelich
WM_Callosal_body,juelich
WM_Cingulum_R,juelich
WM_Cingulum_L,juelich
WM_Corticospinal_tract_R,juelich
WM_Corticospinal_tract_L,juelich
WM_Fornix,juelich
WM_Inferior_occipito-frontal_fascicle_R,juelich
WM_Inferior_occipito-frontal_fascicle_L,juelich
GM_Lateral_geniculate_body_R,juelich
GM_Lateral_geniculate_body_L,juelich
GM_Mamillary_body,juelich
GM_Medial_geniculate_body_R,juelich
GM_Medial_geniculate_body_L,juelich
WM_Optic_radiation_R,juelich
WM_Optic_radiation_L,juelich
WM_Superior_longitudinal_fascicle_R,juelich
WM_Superior_longitudinal_fascicle_L,juelich
WM_Superior_occipito-frontal_fascicle_R,juelich
WM_Superior_occipito-frontal_fascicle_L,juelich
WM_Uncinate_fascicle_R,juelich
WM_Uncinate_fascicle_L,juelich
GM_Insula_Id1_L,juelich
GM_Insula_Id1_R,juelich
GM_Insula_Ig1_L,juelich
GM_Insula_Ig1_R,juelich
GM_Insula_Ig2_L,juelich
GM_Insula_Ig2_R,juelich
Left_Caudal_Medial_Visual_Cortex(BA_17/18),mars_atlas
Left_Lateral_Visual_Cortex(BA_37/19/18),mars_atlas
Left_Superior_Visual_Cortex(BA_19/39),mars_atlas
Left_Cuneus(BA_18/19),mars_atlas
Left_Rostral_Medial_Visual_Cortex(BA_18/19),mars_atlas
Left_Medial_Inferior_Temporal_Cortex(BA_36/37/20),mars_atlas
Left_Rostral_Inferior_Temporal_Cortex(BA_20),mars_atlas
Left_Caudal_Middle_Temporal_Cortex(BA_21/22/39),mars_atlas
Left_Caudal_Superior_Temporal_Cortex(BA_22/41/42),mars_atlas
Left_Rostral_Superior_Temporal_Cortex(BA_21/22/38),mars_atlas
Left_Rostral_Middle_Temporal_Cortex(BA_20/21/38),mars_atlas
Left_Isthmus_Cingulate_Cortex(BA_30),mars_atlas
Left_Ventral_Inferior_Parietal_Cortex(BA_40),mars_atlas
Left_Dorsal_Inferior_Parietal_Cortex(BA_39/40/7),mars_atlas
Left_Superior_Parietal_Cortex(BA_7),mars_atlas
Left_Medial_Superior_Parietal_Cortex(BA_7),mars_atlas
Left_Medial_Parietal_Cortex(BA_31),mars_atlas
Left_Posterior_Cingulate_Cortex(BA_23),mars_atlas
Left_Ventral_Somatosensory_Cortex(BA_1/2/3),mars_atlas
Left_Dorsolateral_Somatosensory_Cortex(BA_1/2/3),mars_atlas
Left_Dorsomedial_Somatosensory_Cortex(BA_1/2/3/5/31),mars_atlas
Left_Ventral_Motor_Cortex(BA_4/6),mars_atlas
Left_Dorsolateral_Motor_Cortex(BA_4),mars_atlas
Left_Dorsomedial_Motor_Cortex(BA_4),mars_atlas
Left_Rostral_Ventral_Premotor_Cortex(BA_44/45),mars_atlas
Left_Dorsolateral_Premotor_Cortex(BA_6/8),mars_atlas
Left_Dorsomedial_Premotor_Cortex(BA_6),mars_atlas
Left_Caudal_Dorsolateral_Prefrontal_Cortex(BA_45/46/9),mars_atlas
Left_Caudal_Dorsomedial_Prefrontal_Cortex(BA_6/8),mars_atlas
Left_Mid_Cingulate_Cortex(BA_24),mars_atlas
Left_Rostral_Ventrolateral_Prefrontal_Cortex(BA_47/45),mars_atlas
Left_Rostral_Dorsolateral_Inferior_Prefrontal_Cortex(BA_10/46),mars_atlas
Left_Rostral_Dorsolateral_Superior_Prefrontal_Cortex(BA_10/9),mars_atlas
Left_Rostral_Dorsal_Prefrontal_Cortex(BA_10/9/8),mars_atlas
Left_Rostral_Medial_Prefrontal_Cortex(BA_9/8),mars_atlas
Left_Ventrolateral_Orbito_Frontal_Cortex(BA_11/47),mars_atlas
Left_Ventral_Orbito_Frontal_Cortex(BA_11/47),mars_atlas
Left_Ventromedial_Orbito_Frontal_Cortex(BA_10/11),mars_atlas
Left_Ventromedial_Prefrontal_Cortex(BA_32/10/11),mars_atlas
Left_Anterior_Cingulate_Cortex(BA_24/32),mars_atlas
Left_Insular_Cortex(BA_13),mars_atlas
Right_Caudal_Medial_Visual_Cortex(BA_17/18),mars_atlas
Right_Lateral_Visual_Cortex(BA_37/19/18),mars_atlas
Right_Superior_Visual_Cortex(BA_19/39),mars_atlas
Right_Cuneus(BA_18/19),mars_atlas
Right_Rostral_Medial_Visual_Cortex(BA_18/19),mars_atlas
Right_Medial_Inferior_Temporal_Cortex(BA_36/37/20),mars_atlas
Right_Rostral_Inferior_Temporal_Cortex(BA_20),mars_atlas
Right_Caudal_Middle_Temporal_Cortex(BA_21/22/39),mars_atlas
Right_Caudal_Superior_Temporal_Cortex(BA_22/41/42),mars_atlas
Right_Rostral_Superior_Temporal_Cortex(BA_21/22/38),mars_atlas
Right_Rostral_Middle_Temporal_Cortex(BA_20/21/38),mars_atlas
Right_Isthmus_Cingulate_Cortex(BA_30),mars_atlas
Right_Ventral_Inferior_Parietal_Cortex(BA_40),mars_atlas
Right_Dorsal_Inferior_Parietal_Cortex(BA_39/40/7),mars_atlas
Right_Superior_Parietal_Cortex(BA_7),mars_atlas
Right_Medial_Superior_Parietal_Cortex(BA_7),mars_atlas
Right_Medial_Parietal_Cortex(BA_31),mars_atlas
Right_Posterior_Cingulate_Cortex(BA_23),mars_atlas
Right_Ventral_Somatosensory_Cortex(BA_1/2/3),mars_atlas
Right_Dorsolateral_Somatosensory_Cortex(BA_1/2/3),mars_atlas
Right_Dorsomedial_Somatosensory_Cortex(BA_1/2/3/5/31),mars_atlas
Right_Ventral_Motor_Cortex(BA_4/6),mars_atlas
Right_Dorsolateral_Motor_Cortex(BA_4),mars_atlas
Right_Dorsomedial_Motor_Cortex(BA_4),mars_atlas
Right_Rostral_Ventral_Premotor_Cortex(BA_44/45),mars_atlas
Right_Dorsolateral_Premotor_Cortex(BA_6/8),mars_atlas
Right_Dorsomedial_Premotor_Cortex(BA_6),mars_atlas
Right_Caudal_Dorsolateral_Prefrontal_Cortex(BA_45/46/9),mars_atlas
Right_Caudal_Dorsomedial_Prefrontal_Cortex(BA_6/8),mars_atlas
Right_Mid_Cingulate_Cortex(BA_24),mars_atlas
Right_Rostral_Ventrolateral_Prefrontal_Cortex(BA_47/45),mars_atlas
Right_Rostral_Dorsolateral_Inferior_Prefrontal_Cortex(BA_10/46),mars_atlas
Right_Rostral_Dorsolateral_Superior_Prefrontal_Cortex(BA_10/9),mars_atlas
Right_Rostral_Dorsal_Prefrontal_Cortex(BA_10/9/8),mars_atlas
Right_Rostral_Medial_Prefrontal_Cortex(BA_9/8),mars_atlas
Right_Ventrolateral_Orbito_Frontal_Cortex(BA_11/47),mars_atlas
Right_Ventral_Orbito_Frontal_Cortex(BA_11/47),mars_atlas
Right_Ventromedial_Orbito_Frontal_Cortex(BA_10/11),mars_atlas
Right_Ventromedial_Prefrontal_Cortex(BA_32/10/11),mars_atlas
Right_Anterior_Cingulate_Cortex(BA_24/32),mars_atlas
Right_Insular_Cortex(BA_13),mars_atlas
Left_Thalamus,mars_atlas
Left_Caudate,mars_atlas
Left_Puttamen,mars_atlas
Left_Pallidum,mars_atlas
Left_Hippocampus,mars_atlas
Left_Amygdala,mars_atlas
Left_Accumbens,mars_atlas
Right_Thalamus,mars_atlas
Right_Caudate,mars_atlas
Right_Puttamen,mars_atlas
Right_Pallidum,mars_atlas
Right_Hippocampus,mars_atlas
Right_Amygdala,mars_atlas
Right_Accumbens,mars_atlas
3rd_Ventricle,neuromorphometrics
4th_Ventricle,neuromorphometrics
Right_Accumbens_Area,neuromorphometrics
Left_Accumbens_Area,neuromorphometrics
Right_Amygdala,neuromorphometrics
Left_Amygdala,neuromorphometrics
Brain_Stem,neuromorphometrics
Right_Caudate,neuromorphometrics
Left_Caudate,neuromorphometrics
Right_Cerebellum_Exterior,neuromorphometrics
Left_Cerebellum_Exterior,neuromorphometrics
Right_Cerebellum_White_Matter,neuromorphometrics
Left_Cerebellum_White_Matter,neuromorphometrics
Right_Cerebral_White_Matter,neuromorphometrics
Left_Cerebral_White_Matter,neuromorphometrics
CSF,neuromorphometrics
Right_Hippocampus,neuromorphometrics
Left_Hippocampus,neuromorphometrics
Right_Inf_Lat_Vent,neuromorphometrics
Left_Inf_Lat_Vent,neuromorphometrics
Right_Lateral_Ventricle,neuromorphometrics
Left_Lateral_Ventricle,neuromorphometrics
Right_Pallidum,neuromorphometrics
Left_Pallidum,neuromorphometrics
Right_Putamen,neuromorphometrics
Left_Putamen,neuromorphometrics
Right_Thalamus_Proper,neuromorphometrics
Left_Thalamus_Proper,neuromorphometrics
Right_Ventral_DC,neuromorphometrics
Left_Ventral_DC,neuromorphometrics
Right_vessel,neuromorphometrics
Left_vessel,neuromorphometrics
Optic_Chiasm,neuromorphometrics
Cerebellar_Vermal_Lobules_I-V,neuromorphometrics
Cerebellar_Vermal_Lobules_VI-VII,neuromorphometrics
Cerebellar_Vermal_Lobules_VIII-X,neuromorphometrics
Left_Basal_Forebrain,neuromorphometrics
Right_Basal_Forebrain,neuromorphometrics
Right_ACgG_anterior_cingulate_gyrus,neuromorphometrics
Left_ACgG_anterior_cingulate_gyrus,neuromorphometrics
Right_AIns_anterior_insula,neuromorphometrics
Left_AIns_anterior_insula,neuromorphometrics
Right_AOrG_anterior_orbital_gyrus,neuromorphometrics
Left_AOrG_anterior_orbital_gyrus,neuromorphometrics
Right_AnG_angular_gyrus,neuromorphometrics
Left_AnG_angular_gyrus,neuromorphometrics
Right_Calc_calcarine_cortex,neuromorphometrics
Left_Calc_calcarine_cortex,neuromorphometrics
Right_CO_central_operculum,neuromorphometrics
Left_CO_central_operculum,neuromorphometrics
Right_Cun_cuneus,neuromorphometrics
Left_Cun_cuneus,neuromorphometrics
Right_Ent_entorhinal_area,neuromorphometrics
Left_Ent_entorhinal_area,neuromorphometrics
Right_FO_frontal_operculum,neuromorphometrics
Left_FO_frontal_operculum,neuromorphometrics
Right_FRP_frontal_pole,neuromorphometrics
Left_FRP_frontal_pole,neuromorphometrics
Right_FuG_fusiform_gyrus,neuromorphometrics
Left_FuG_fusiform_gyrus,neuromorphometrics
Right_GRe_gyrus_rectus,neuromorphometrics
Left_GRe_gyrus_rectus,neuromorphometrics
Right_IOG_inferior_occipital_gyrus,neuromorphometrics
Left_IOG_inferior_occipital_gyrus,neuromorphometrics
Right_ITG_inferior_temporal_gyrus,neuromorphometrics
Left_ITG_inferior_temporal_gyrus,neuromorphometrics
Right_LiG_lingual_gyrus,neuromorphometrics
Left_LiG_lingual_gyrus,neuromorphometrics
Right_LOrG_lateral_orbital_gyrus,neuromorphometrics
Left_LOrG_lateral_orbital_gyrus,neuromorphometrics
Right_MCgG_middle_cingulate_gyrus,neuromorphometrics
Left_MCgG_middle_cingulate_gyrus,neuromorphometrics
Right_MFC_medial_frontal_cortex,neuromorphometrics
Left_MFC_medial_frontal_cortex,neuromorphometrics
Right_MFG_middle_frontal_gyrus,neuromorphometrics
Left_MFG_middle_frontal_gyrus,neuromorphometrics
Right_MOG_middle_occipital_gyrus,neuromorphometrics
Left_MOG_middle_occipital_gyrus,neuromorphometrics
Right_MOrG_medial_orbital_gyrus,neuromorphometrics
Left_MOrG_medial_orbital_gyrus,neuromorphometrics
Right_MPoG_postcentral_gyrus_medial_segment,neuromorphometrics
Left_MPoG_postcentral_gyrus_medial_segment,neuromorphometrics
Right_MPrG_precentral_gyrus_medial_segment,neuromorphometrics
Left_MPrG_precentral_gyrus_medial_segment,neuromorphometrics
Right_MSFG_superior_frontal_gyrus_medial_segment,neuromorphometrics
Left_MSFG_superior_frontal_gyrus_medial_segment,neuromorphometrics
Right_MTG_middle_temporal_gyrus,neuromorphometrics
Left_MTG_middle_temporal_gyrus,neuromorphometrics
Right_OCP_occipital_pole,neuromorphometrics
Left_OCP_occipital_pole,neuromorphometrics
Right_OFuG_occipital_fusiform_gyrus,neuromorphometrics
Left_OFuG_occipital_fusiform_gyrus,neuromorphometrics
Right_OpIFG_opercular_part_of_the_inferior_frontal_gyrus,neuromorphometrics
Left_OpIFG_opercular_part_of_the_inferior_frontal_gyrus,neuromorphometrics
Right_OrIFG_orbital_part_of_the_inferior_frontal_gyrus,neuromorphometrics
Left_OrIFG_orbital_part_of_the_inferior_frontal_gyrus,neuromorphometrics
Right_PCgG_posterior_cingulate_gyrus,neuromorphometrics
Left_PCgG_posterior_cingulate_gyrus,neuromorphometrics
Right_PCu_precuneus,neuromorphometrics
Left_PCu_precuneus,neuromorphometrics
Right_PHG_parahippocampal_gyrus,neuromorphometrics
Left_PHG_parahippocampal_gyrus,neuromorphometrics
Right_PIns_posterior_insula,neuromorphometrics
Left_PIns_posterior_insula,neuromorphometrics
Right_PO_parietal_operculum,neuromorphometrics
Left_PO_parietal_operculum,neuromorphometrics
Right_PoG_postcentral_gyrus,neuromorphometrics
Left_PoG_postcentral_gyrus,neuromorphometrics
Right_POrG_posterior_orbital_gyrus,neuromorphometrics
Left_POrG_posterior_orbital_gyrus,neuromorphometrics
Right_PP_planum_polare,neuromorphometrics
Left_PP_planum_polare,neuromorphometrics
Right_PrG_precentral_gyrus,neuromorphometrics
Left_PrG_precentral_gyrus,neuromorphometrics
Right_PT_planum_temporale,neuromorphometrics
Left_PT_planum_temporale,neuromorphometrics
Right_SCA_subcallosal_area,neuromorphometrics
Left_SCA_subcallosal_area,neuromorphometrics
Right_SFG_superior_frontal_gyrus,neuromorphometrics
Left_SFG_superior_frontal_gyrus,neuromorphometrics
Right_SMC_supplementary_motor_cortex,neuromorphometrics
Left_SMC_supplementary_motor_cortex,neuromorphometrics
Right_SMG_supramarginal_gyrus,neuromorphometrics
Left_SMG_supramarginal_gyrus,neuromorphometrics
Right_SOG_superior_occipital_gyrus,neuromorphometrics
Left_SOG_superior_occipital_gyrus,neuromorphometrics
Right_SPL_superior_parietal_lobule,neuromorphometrics
Left_SPL_superior_parietal_lobule,neuromorphometrics
Right_STG_superior_temporal_gyrus,neuromorphometrics
Left_STG_superior_temporal_gyrus,neuromorphometrics
Right_TMP_temporal_pole,neuromorphometrics
Left_TMP_temporal_pole,neuromorphometrics
Right_TrIFG_triangular_part_of_the_inferior_frontal_gyrus,neuromorphometrics
Left_TrIFG_triangular_part_of_the_inferior_frontal_gyrus,neuromorphometrics
Right_TTG_transverse_temporal_gyrus,neuromorphometrics
Left_TTG_transverse_temporal_gyrus,neuromorphometrics
Background,talariach_ba
Brodmann_area_20,talariach_ba
Brodmann_area_38,talariach_ba
Brodmann_area_36,talariach_ba
Brodmann_area_21,talariach_ba
Brodmann_area_28,talariach_ba
Brodmann_area_11,talariach_ba
Dentate,talariach_ba
Brodmann_area_35,talariach_ba
Brodmann_area_47,talariach_ba
Hippocampus,talariach_ba
Brodmann_area_34,talariach_ba
Amygdala,talariach_ba
Brodmann_area_18,talariach_ba
Brodmann_area_37,talariach_ba
Brodmann_area_25,talariach_ba
Brodmann_area_17,talariach_ba
Brodmann_area_19,talariach_ba
Optic_Tract,talariach_ba
Hypothalamus,talariach_ba
Brodmann_area_13,talariach_ba
Substania_Nigra,talariach_ba
Red_Nucleus,talariach_ba
Caudate_Tail,talariach_ba
Mammillary_Body,talariach_ba
Putamen,talariach_ba
Brodmann_area_32,talariach_ba
Brodmann_area_10,talariach_ba
Brodmann_area_30,talariach_ba
Brodmann_area_27,talariach_ba
Medial_Geniculum_Body,talariach_ba
Brodmann_area_22,talariach_ba
Lateral_Globus_Pallidus,talariach_ba
Subthalamic_Nucleus,talariach_ba
Medial_Globus_Pallidus,talariach_ba
Caudate_Head,talariach_ba
Brodmann_area_24,talariach_ba
Lateral_Geniculum_Body,talariach_ba
Anterior_Commissure,talariach_ba
Corpus_Callosum,talariach_ba
Ventral_Posterior_Lateral_Nucleus,talariach_ba
Ventral_Posterior_Medial_Nucleus,talariach_ba
Brodmann_area_45,talariach_ba
Brodmann_area_46,talariach_ba
Pulvinar,talariach_ba
Medial_Dorsal_Nucleus,talariach_ba
Ventral_Lateral_Nucleus,talariach_ba
Ventral_Anterior_Nucleus,talariach_ba
Brodmann_area_29,talariach_ba
Brodmann_area_41,talariach_ba
Brodmann_area_42,talariach_ba
Brodmann_area_6,talariach_ba
Anterior_Nucleus,talariach_ba
Brodmann_area_44,talariach_ba
Caudate_Body,talariach_ba
Brodmann_area_39,talariach_ba
Brodmann_area_23,talariach_ba
Lateral_Posterior_Nucleus,talariach_ba
Brodmann_area_43,talariach_ba
Brodmann_area_31,talariach_ba
Brodmann_area_40,talariach_ba
Lateral_Dorsal_Nucleus,talariach_ba
Midline_Nucleus,talariach_ba
Brodmann_area_4,talariach_ba
Brodmann_area_9,talariach_ba
Brodmann_area_33,talariach_ba
Brodmann_area_2,talariach_ba
Brodmann_area_1,talariach_ba
Brodmann_area_3,talariach_ba
Brodmann_area_7,talariach_ba
Brodmann_area_8,talariach_ba
Brodmann_area_5,talariach_ba
Background,talariach_gyrus
Inferior_Semi-Lunar_Lobule,talariach_gyrus
Cerebellar_Tonsil,talariach_gyrus
Inferior_Temporal_Gyrus,talariach_gyrus
Uncus,talariach_gyrus
Middle_Temporal_Gyrus,talariach_gyrus
Superior_Temporal_Gyrus,talariach_gyrus
Sub-Gyral,talariach_gyrus
Pyramis,talariach_gyrus
Uvula,talariach_gyrus
Uvula_of_Vermis,talariach_gyrus
Fourth_Ventricle,talariach_gyrus
Tuber,talariach_gyrus
Pyramis_of_Vermis,talariach_gyrus
Nodule,talariach_gyrus
Culmen,talariach_gyrus
Orbital_Gyrus,talariach_gyrus
Tuber_of_Vermis,talariach_gyrus
Fusiform_Gyrus,talariach_gyrus
Parahippocampal_Gyrus,talariach_gyrus
Rectal_Gyrus,talariach_gyrus
Superior_Frontal_Gyrus,talariach_gyrus
Declive,talariach_gyrus
Declive_of_Vermis,talariach_gyrus
Fastigium,talariach_gyrus
Lateral_Ventricle,talariach_gyrus
Inferior_Frontal_Gyrus,talariach_gyrus
Middle_Frontal_Gyrus,talariach_gyrus
Cerebellar_Lingual,talariach_gyrus
Medial_Frontal_Gyrus,talariach_gyrus
Lingual_Gyrus,talariach_gyrus
Inferior_Occipital_Gyrus,talariach_gyrus
Subcallosal_Gyrus,talariach_gyrus
Middle_Occipital_Gyrus,talariach_gyrus
Culmen_of_Vermis,talariach_gyrus
Extra-Nuclear,talariach_gyrus
Caudate,talariach_gyrus
Third_Ventricle,talariach_gyrus
Anterior_Cingulate,talariach_gyrus
Lentiform_Nucleus,talariach_gyrus
Thalamus,talariach_gyrus
Insula,talariach_gyrus
Claustrum,talariach_gyrus
Cuneus,talariach_gyrus
Posterior_Cingulate,talariach_gyrus
Precentral_Gyrus,talariach_gyrus
Transverse_Temporal_Gyrus,talariach_gyrus
Postcentral_Gyrus,talariach_gyrus
Precuneus,talariach_gyrus
Superior_Occipital_Gyrus,talariach_gyrus
Supramarginal_Gyrus,talariach_gyrus
Inferior_Parietal_Lobule,talariach_gyrus
Cingulate_Gyrus,talariach_gyrus
Angular_Gyrus,talariach_gyrus
Superior_Parietal_Lobule,talariach_gyrus
Paracentral_Lobule,talariach_gyrus